ScheduleKey,TeamId,PTS,Q1,Q2,Q3,Q4,OT1,OT2,OT3,OT4,F2GM,F2GA,F3GM,F3GA,FTM,FTA,OR,DR,TR,AS,TO,ST,BS,F,PtsBiggestLead,PtsInPaint,PtsFastBreak,PtsSecondChance,PtsFromTurnover,BiggestScoringRun,LeadChanges,TimesTied
5938,700,69,21,8,21,19,0,0,0,0,22,41,5,19,10,16,9,19,28,16,18,8,1,16,3,32,6,6,21,9-0(56-81),6,3
5938,706,97,23,27,31,16,0,0,0,0,36,51,5,11,10,12,1,27,28,26,11,12,4,18,36,64,24,2,26,15-0(29-63),6,3
5939,700,77,15,23,16,23,0,0,0,0,27,46,5,18,8,10,11,23,34,17,13,5,3,17,2,46,8,13,11,6-0(15-27),2,2
5939,706,85,29,14,17,25,0,0,0,0,28,41,8,22,5,5,4,21,25,23,9,8,1,17,18,44,6,5,14,10-0(6-20),2,2
5890,721,71,21,16,18,16,0,0,0,0,24,41,4,14,11,16,7,26,33,21,18,6,0,18,9,32,12,10,12,10-0(47-39),2,2
5890,706,80,15,22,23,20,0,0,0,0,33,61,2,14,8,10,14,22,36,27,8,12,1,12,9,58,14,16,22,10-0(37-39),2,2
5903,694,65,16,17,15,17,0,0,0,0,24,50,4,15,5,8,17,20,37,10,12,3,4,17,4,32,6,11,8,9-0(61-64),3,2
5903,706,72,16,20,23,13,0,0,0,0,23,41,4,20,14,17,15,21,36,18,8,6,7,12,12,38,13,21,13,6-0(0-6),3,2
5891,721,71,14,18,25,14,0,0,0,0,26,48,2,14,13,14,7,26,33,18,9,3,3,11,2,44,10,6,4,6-0(38-44),1,1
5891,706,81,17,23,21,20,0,0,0,0,26,47,8,31,5,6,17,28,45,23,7,4,2,12,13,28,7,21,11,8-0(19-27),1,1
5945,704,82,19,19,23,21,0,0,0,0,21,40,9,23,13,17,10,29,39,16,9,7,5,20,14,34,15,13,14,8-0(29-16),1,2
5945,706,73,12,15,26,20,0,0,0,0,14,38,10,22,15,21,10,25,35,17,12,5,3,20,2,22,0,11,7,7-0(29-23),1,2
5902,694,57,14,12,13,18,0,0,0,0,17,31,6,16,5,9,7,26,33,13,21,4,2,18,3,28,10,9,8,6-0(54-80),2,1
5902,706,83,21,18,21,23,0,0,0,0,20,44,12,25,7,10,12,19,31,20,6,9,1,16,32,28,10,11,23,13-0(5-15),2,1
6507,745,88,18,19,28,23,0,0,0,0,23,44,9,22,15,18,13,23,36,21,8,4,3,16,11,42,6,19,12,9-0(9-2),1,1
6507,717,77,14,22,23,18,0,0,0,0,30,52,3,15,8,11,9,23,32,17,10,5,1,20,2,50,7,12,7,6-0(18-18),1,1
6478,718,63,15,18,13,17,0,0,0,0,18,46,5,14,12,15,11,20,31,14,10,3,6,19,2,24,4,8,18,8-0(58-64),1,2
6478,717,76,21,23,15,17,0,0,0,0,24,43,7,16,7,13,11,26,37,17,11,6,4,18,15,40,2,11,15,8-0(12-21),1,2
6506,745,71,15,21,20,15,0,0,0,0,18,34,8,24,11,14,6,20,26,18,11,4,6,21,2,26,5,9,12,8-0(28-34),1,0
6506,717,88,21,24,21,22,0,0,0,0,21,42,9,21,19,20,13,29,42,17,8,6,2,18,17,26,2,20,22,7-0(10-21),1,0
6479,718,65,17,18,17,13,0,0,0,0,19,34,3,17,18,23,10,16,26,17,19,5,7,21,5,34,6,7,19,7-0(42-42),2,1
6479,717,90,17,25,17,31,0,0,0,0,20,41,12,15,14,17,10,21,31,20,16,10,2,22,27,32,13,13,24,11-0(27-36),2,1
5909,716,61,19,8,15,19,0,0,0,0,16,26,6,29,11,14,10,21,31,21,19,10,2,15,0,26,4,8,18,6-0(25-31),0,1
5909,726,72,23,15,15,19,0,0,0,0,25,45,5,17,7,10,10,24,34,15,14,12,2,18,21,42,11,13,22,12-0(19-31),0,1
5978,696,97,24,25,18,30,0,0,0,0,30,49,4,15,25,35,14,17,31,17,18,13,2,27,3,58,7,14,17,7-0(41-38),2,1
5978,726,106,26,27,32,21,0,0,0,0,21,42,12,22,28,35,15,21,36,22,17,9,0,31,22,40,19,17,25,6-0(0-6),2,1
5928,703,97,28,22,18,29,0,0,0,0,24,38,12,23,13,18,10,26,36,27,11,10,6,20,33,46,32,14,21,13-0(18-9),1,2
5928,726,66,21,13,15,17,0,0,0,0,19,48,5,22,13,20,21,16,37,18,12,5,2,18,4,32,6,13,5,7-0(18-16),1,2
5929,703,78,21,13,28,16,0,0,0,0,23,45,5,18,17,25,16,29,45,15,18,6,3,20,11,36,9,17,8,7-0(32-28),3,4
5929,726,77,22,15,15,25,0,0,0,0,21,49,8,22,11,16,15,20,35,18,9,10,3,18,3,34,8,18,22,8-0(64-64),3,4
5908,716,77,19,14,12,32,0,0,0,0,14,24,12,29,13,19,5,25,30,19,19,9,3,18,6,26,12,4,17,8-0(45-47),3,3
5908,726,83,16,17,22,28,0,0,0,0,20,44,10,25,13,19,15,25,40,15,14,13,0,20,14,38,11,18,18,10-0(45-57),3,3
5922,699,82,19,19,25,19,0,0,0,0,24,47,9,26,7,8,17,23,40,23,9,3,1,15,0,32,4,20,8,7-0(51-56),0,0
5922,728,99,27,23,20,29,0,0,0,0,19,38,16,29,13,14,10,23,33,24,5,5,1,13,17,36,6,15,11,8-0(38-52),0,0
5968,716,67,19,15,17,16,0,0,0,0,16,30,10,32,5,6,10,20,30,21,10,4,3,15,4,28,0,15,7,7-0(51-65),4,2
5968,728,85,20,32,15,18,0,0,0,0,19,37,11,18,14,17,5,24,29,23,7,6,1,12,22,34,7,5,9,7-0(23-30),4,2
5882,697,55,11,10,21,13,0,0,0,0,20,41,1,17,12,16,11,30,41,17,13,9,5,22,4,26,12,10,12,8-0(42-40),3,4
5882,728,63,13,15,12,23,0,0,0,0,11,32,8,28,17,24,14,27,41,16,11,8,6,13,12,22,7,7,9,8-0(19-28),3,4
5952,700,98,24,20,28,26,0,0,0,0,26,42,12,24,10,14,4,30,34,28,11,15,3,14,28,42,36,7,26,9-0(81-58),1,1
5952,728,76,18,13,24,21,0,0,0,0,19,48,10,26,8,12,16,24,40,19,16,5,3,13,2,32,7,14,5,9-0(53-44),1,1
5859,726,87,21,26,14,26,0,0,0,0,24,45,9,25,12,18,12,17,29,15,13,7,2,21,5,44,6,10,16,8-0(71-76),5,2
5859,728,89,21,24,26,18,0,0,0,0,28,38,6,17,15,22,5,27,32,17,16,6,4,19,13,46,10,6,9,9-0(54-61),5,2
5858,726,78,18,27,12,21,0,0,0,0,25,44,8,28,4,5,14,23,37,18,13,5,4,25,6,46,13,19,15,10-0(28-28),1,0
5858,728,82,26,15,18,23,0,0,0,0,21,36,7,22,19,22,8,27,35,17,11,6,2,13,11,40,6,11,15,8-0(13-24),1,0
5883,697,57,13,18,12,14,0,0,0,0,16,40,5,16,10,14,6,26,32,16,14,6,1,23,4,28,14,3,9,6-0(53-65),5,1
5883,728,85,18,19,23,25,0,0,0,0,18,36,11,25,16,26,10,30,40,22,7,7,2,12,31,32,0,8,23,19-0(53-84),5,1
5969,716,87,22,18,26,21,0,0,0,0,19,29,13,31,10,17,7,26,33,27,10,7,4,13,26,34,16,10,12,13-0(79-53),0,0
5969,728,73,16,18,17,22,0,0,0,0,18,39,10,23,7,8,8,24,32,20,11,6,2,17,0,36,7,8,12,13-0(79-66),0,0
5941,721,115,13,33,22,26,21,0,0,0,21,38,14,28,31,37,9,23,32,28,10,5,6,21,8,36,2,21,7,9-0(34-36),0,2
5941,697,109,23,24,28,19,15,0,0,0,34,59,7,20,20,23,13,25,38,25,10,7,1,28,11,60,19,15,16,8-0(10-20),0,2
5906,696,81,25,21,15,20,0,0,0,0,22,36,7,23,16,21,9,34,43,24,14,4,4,8,36,38,10,8,13,13-0(32-8),0,0
5906,697,54,8,9,11,26,0,0,0,0,22,54,3,15,1,2,9,23,32,13,12,11,1,21,0,32,11,9,7,9-0(66-39),0,0
5971,720,81,20,24,21,16,0,0,0,0,26,46,4,16,17,27,11,28,39,17,15,8,5,23,17,48,12,12,14,12-0(27-18),5,5
5971,697,74,18,16,17,23,0,0,0,0,21,47,4,16,20,27,13,23,36,16,12,9,3,25,3,40,8,17,13,6-0(30-26),5,5
5970,720,82,19,23,20,20,0,0,0,0,22,39,7,25,17,22,14,24,38,25,13,6,2,19,8,40,16,10,14,9-0(82-81),5,2
5970,697,83,22,19,22,20,0,0,0,0,25,43,6,18,15,20,10,22,32,19,12,8,0,18,10,42,10,13,18,11-0(19-25),5,2
5940,721,76,24,11,17,24,0,0,0,0,18,40,7,18,19,23,13,29,42,19,21,7,7,16,13,32,9,15,16,10-0(22-9),0,0
5940,697,67,14,19,14,20,0,0,0,0,19,47,7,21,8,15,13,24,37,17,14,12,1,21,2,32,10,14,17,10-0(28-28),0,0
5907,696,91,28,19,27,17,0,0,0,0,21,33,11,24,16,25,5,29,34,21,12,7,6,17,38,34,4,6,20,19-0(28-9),0,2
5907,697,57,9,21,10,17,0,0,0,0,17,45,4,18,11,12,10,24,34,14,17,10,0,20,0,24,11,2,13,10-0(33-26),0,2
5912,700,82,27,18,20,17,0,0,0,0,23,39,9,32,9,14,7,37,44,16,9,2,5,20,11,40,8,5,4,11-0(13-3),2,0
5912,699,88,16,27,16,29,0,0,0,0,18,47,10,23,22,27,8,36,44,17,6,6,1,17,6,34,7,11,9,8-0(31-29),2,0
5961,726,90,23,13,31,23,0,0,0,0,27,39,8,26,12,15,9,22,31,22,9,8,2,25,19,48,15,13,16,11-0(57-59),3,3
5961,699,78,22,27,15,14,0,0,0,0,18,34,7,17,21,28,6,20,26,19,12,5,4,18,15,22,12,6,11,11-0(29-37),3,3
5949,697,94,21,23,26,24,0,0,0,0,26,48,9,23,15,18,10,29,39,25,4,5,0,22,23,40,8,11,14,12-0(56-37),4,3
5949,699,75,18,16,21,20,0,0,0,0,20,42,5,18,20,23,7,27,34,10,8,1,3,20,2,26,6,9,0,7-0(21-22),4,3
5960,726,75,27,12,14,22,0,0,0,0,24,38,5,25,12,17,9,34,43,15,9,5,2,23,17,40,11,7,11,16-0(75-63),0,0
5960,699,63,18,15,21,9,0,0,0,0,16,41,4,19,19,25,9,28,37,16,10,6,3,15,6,22,13,10,14,10-0(44-43),0,0
5913,700,78,12,23,22,21,0,0,0,0,29,52,5,17,5,11,13,40,53,24,16,4,3,22,10,52,15,14,8,11-0(55-47),0,2
5913,699,70,11,21,22,16,0,0,0,0,13,46,10,23,14,23,9,25,34,11,7,8,2,18,3,16,2,12,9,7-0(35-34),0,2
6509,715,57,10,12,18,17,0,0,0,0,12,35,8,19,9,12,5,28,33,18,17,5,2,19,5,14,2,5,7,5-0(7-2),1,2
6509,692,80,16,16,23,25,0,0,0,0,25,47,5,19,15,17,10,31,41,19,9,7,1,19,24,40,8,11,16,9-0(22-36),1,2
6471,708,66,18,11,21,16,0,0,0,0,19,35,7,29,7,11,9,25,34,20,14,11,2,20,8,30,4,7,11,11-0(18-10),1,1
6471,692,76,12,20,27,17,0,0,0,0,22,39,6,20,14,19,8,29,37,20,14,5,2,18,12,36,12,11,18,13-0(64-76),1,1
6470,708,54,10,11,18,15,0,0,0,0,13,29,6,28,10,15,7,27,34,14,20,8,2,18,0,20,6,8,14,7-0(21-36),0,0
6470,692,91,22,23,26,20,0,0,0,0,16,27,14,33,17,21,5,34,39,28,14,6,3,17,40,30,17,9,27,13-0(25-62),0,0
6508,715,64,13,17,18,16,0,0,0,0,16,41,9,24,5,5,11,23,34,14,12,4,1,20,8,22,2,11,16,14-0(27-19),2,1
6508,692,82,15,12,30,25,0,0,0,0,22,40,7,17,17,22,8,28,36,22,9,5,3,14,18,34,24,7,20,15-0(35-47),2,1
6526,711,75,30,6,19,20,0,0,0,0,20,41,9,26,8,18,11,27,38,20,11,12,0,18,18,34,13,11,24,9-0(63-47),0,0
6526,692,59,12,18,17,12,0,0,0,0,23,45,2,15,7,9,7,31,38,21,18,3,3,18,0,42,10,6,13,18-0(30-30),0,0
6527,711,61,11,8,24,18,0,0,0,0,13,35,6,25,17,25,8,29,37,18,13,9,0,17,3,22,12,7,13,14-0(40-55),1,2
6527,692,73,17,17,25,14,0,0,0,0,25,43,5,25,8,8,9,37,46,22,14,9,4,22,29,44,16,12,13,13-0(11-24),1,2
6515,723,80,19,14,21,26,0,0,0,0,19,41,6,15,24,34,10,23,33,19,16,8,3,22,0,36,7,14,9,6-0(44-61),0,0
6515,1638,101,29,26,25,21,0,0,0,0,20,33,15,28,16,23,6,26,32,33,13,12,3,29,28,32,20,4,19,10-0(54-80),0,0
6483,752,79,15,22,22,20,0,0,0,0,25,47,6,21,11,20,15,21,36,15,17,16,1,33,12,46,15,16,30,10-0(59-53),1,1
6483,1638,77,19,20,14,24,0,0,0,0,12,28,6,25,35,46,20,23,43,17,27,11,4,20,9,22,13,20,19,13-0(67-68),1,1
6482,752,71,14,17,19,21,0,0,0,0,23,40,4,23,13,28,18,26,44,14,30,11,3,37,6,44,8,16,23,10-0(24-18),2,1
6482,1638,85,15,17,23,30,0,0,0,0,23,40,3,14,30,42,6,24,30,25,20,14,3,30,14,38,28,6,30,11-0(37-47),2,1
6523,719,67,26,11,11,19,0,0,0,0,18,43,5,17,16,29,13,33,46,19,19,5,6,17,14,34,6,7,10,8-0(18-8),0,1
6523,1638,75,14,21,26,14,0,0,0,0,25,48,5,27,10,12,12,31,43,25,11,10,2,26,15,44,25,6,24,11-0(28-25),0,1
6514,723,82,22,17,16,27,0,0,0,0,24,40,6,14,16,26,6,30,36,17,16,2,5,15,3,44,6,4,9,9-0(72-77),1,3
6514,1638,86,27,25,18,16,0,0,0,0,26,52,9,21,7,12,11,22,33,25,5,9,1,22,17,44,13,10,27,11-0(28-38),1,3
5950,729,65,19,13,21,12,0,0,0,0,21,38,4,17,11,12,5,35,40,13,13,6,1,15,9,34,7,2,2,8-0(40-39),8,2
5950,716,61,19,17,11,14,0,0,0,0,11,22,11,40,6,8,5,23,28,18,9,7,3,15,7,20,0,2,4,6-0(21-25),8,2
5919,697,79,16,20,23,20,0,0,0,0,21,44,6,22,19,24,8,25,33,20,8,8,0,23,5,34,8,10,16,10-0(24-24),0,0
5919,716,83,24,18,23,18,0,0,0,0,13,21,13,32,18,26,5,33,38,21,17,5,2,21,17,24,2,3,10,13-0(26-40),0,0
5875,703,84,15,20,21,28,0,0,0,0,25,41,5,18,19,21,7,26,33,23,10,6,3,19,16,50,7,12,12,9-0(81-67),6,1
5875,716,74,20,19,24,11,0,0,0,0,17,32,10,27,10,14,7,22,29,18,11,8,3,19,8,32,8,8,14,8-0(15-22),6,1
5982,698,58,16,9,21,12,0,0,0,0,12,32,7,30,13,22,16,23,39,10,7,6,0,20,13,22,6,9,7,10-0(10-0),0,0
5982,716,66,7,10,26,23,0,0,0,0,17,27,6,24,14,18,6,29,35,19,10,3,4,22,10,28,0,5,8,11-0(52-61),0,0
5874,703,74,23,19,15,17,0,0,0,0,17,46,8,22,16,21,21,33,54,21,9,3,2,19,24,32,9,19,17,10-0(17-8),2,2
5874,716,52,12,14,14,12,0,0,0,0,8,27,10,28,6,8,5,24,29,14,11,5,1,19,1,14,2,0,5,8-0(53-37),2,2
5866,729,89,20,26,24,19,0,0,0,0,18,24,10,21,23,31,5,27,32,18,12,10,3,16,36,34,12,3,14,11-0(19-7),2,0
5866,702,54,11,14,18,11,0,0,0,0,19,42,4,21,4,6,13,16,29,10,13,8,0,27,2,30,10,15,14,7-0(63-41),2,0
5867,729,66,21,8,19,18,0,0,0,0,19,33,5,20,13,19,5,24,29,17,18,10,0,19,3,36,21,5,15,15-0(44-44),4,3
5867,702,78,23,17,9,29,0,0,0,0,22,41,7,21,13,19,9,28,37,12,14,9,3,18,15,32,9,9,20,12-0(64-78),4,3
5944,703,85,26,14,25,20,0,0,0,0,25,35,8,21,11,23,7,27,34,19,8,5,4,16,15,42,9,8,8,7-0(7-0),0,0
5944,702,76,19,10,29,18,0,0,0,0,17,41,9,19,15,18,7,21,28,15,8,2,1,23,0,34,4,5,10,6-0(16-11),0,0
5977,694,94,14,14,28,24,14,0,0,0,29,46,8,31,12,21,21,26,47,18,14,6,5,17,5,52,6,30,11,10-0(52-58),1,2
5977,702,90,21,24,15,20,10,0,0,0,21,41,10,26,18,21,8,23,31,26,11,9,1,24,20,28,15,4,17,8-0(4-10),1,2
5881,696,92,23,18,25,26,0,0,0,0,22,34,8,27,24,28,10,34,44,16,16,4,1,22,9,34,4,9,8,8-0(53-46),5,3
5881,702,84,16,23,23,22,0,0,0,0,25,51,5,22,19,22,11,25,36,15,6,9,1,26,4,40,3,8,15,6-0(41-43),5,3
5880,696,82,14,28,20,20,0,0,0,0,28,48,1,17,23,33,13,24,37,18,13,6,1,18,0,52,12,15,13,10-0(78-84),0,0
5880,702,94,24,24,26,20,0,0,0,0,24,47,11,20,13,18,13,29,42,20,15,8,4,29,20,40,17,18,15,9-0(12-24),0,0
5865,697,54,13,10,17,14,0,0,0,0,18,38,3,18,9,11,5,16,21,13,14,6,3,24,0,26,10,6,12,6-0(34-77),0,0
5865,704,103,34,29,19,21,0,0,0,0,25,40,12,29,17,23,18,29,47,27,10,6,1,15,49,44,20,14,16,17-0(23-67),0,0
5954,702,75,12,16,21,26,0,0,0,0,20,37,9,28,8,14,5,14,19,23,15,7,1,22,0,36,6,2,9,7-0(47-95),0,0
5954,704,126,24,39,35,28,0,0,0,0,33,42,14,24,18,23,7,33,40,30,10,7,3,12,55,62,23,14,22,14-0(28-70),0,0
5955,702,73,13,23,22,15,0,0,0,0,15,31,11,32,10,14,11,18,29,24,11,6,0,22,6,24,0,12,15,8-0(56-67),3,1
5955,704,92,28,22,19,23,0,0,0,0,23,32,9,31,19,27,17,27,44,20,10,7,1,19,19,42,5,23,21,13-0(13-30),3,1
5877,726,87,17,24,22,24,0,0,0,0,22,38,11,25,10,15,12,20,32,20,15,5,5,25,9,38,11,14,15,13-0(71-65),2,3
5877,704,86,17,30,18,21,0,0,0,0,22,39,7,22,21,25,12,18,30,22,13,6,2,18,10,38,10,7,20,10-0(33-41),2,3
5876,726,91,19,26,21,25,0,0,0,0,25,51,8,33,17,24,24,17,41,17,5,12,2,28,12,44,20,20,24,7-0(45-35),0,2
5876,704,93,20,19,26,28,0,0,0,0,18,38,8,21,33,40,20,30,50,21,19,3,6,21,7,32,19,22,9,9-0(55-57),0,2
5864,697,65,8,24,22,11,0,0,0,0,14,32,8,34,13,15,13,22,35,16,10,7,1,22,0,20,4,6,16,9-0(25-32),0,1
5864,704,83,20,17,23,23,0,0,0,0,22,31,8,27,15,24,10,29,39,26,13,5,3,19,20,38,5,17,11,9-0(5-14),0,1
5917,694,57,11,14,18,14,0,0,0,0,14,34,6,16,11,15,7,25,32,17,21,6,3,21,5,26,8,7,5,12-0(23-25),1,3
5917,704,79,22,15,21,21,0,0,0,0,26,44,2,19,21,26,12,23,35,19,8,14,6,17,23,42,22,14,25,19-0(11-25),1,3
5911,728,75,28,11,19,17,0,0,0,0,17,39,12,27,5,5,7,26,33,15,11,7,1,17,16,20,0,9,2,8-0(8-0),0,0
5911,729,89,12,29,20,28,0,0,0,0,27,41,8,23,11,16,6,28,34,21,7,7,4,13,17,46,8,10,12,13-0(39-41),0,0
5910,728,87,27,18,19,23,0,0,0,0,24,38,12,26,3,7,6,22,28,20,8,7,0,14,11,42,8,3,14,10-0(43-32),0,5
5910,729,82,22,19,20,21,0,0,0,0,21,35,10,24,10,11,4,24,28,26,10,6,2,11,4,34,10,2,10,7-0(43-39),0,5
5930,704,92,15,34,16,27,0,0,0,0,19,38,14,27,12,20,11,25,36,23,8,9,3,18,19,30,10,15,20,8-0(52-33),1,0
5930,729,76,11,22,20,23,0,0,0,0,22,32,7,25,11,15,6,24,30,20,14,5,2,22,2,34,5,5,7,7-0(52-40),1,0
5931,704,95,21,23,21,30,0,0,0,0,23,38,13,30,10,15,10,22,32,26,8,8,2,19,24,28,12,11,14,12-0(70-53),0,1
5931,729,72,12,25,16,19,0,0,0,0,15,30,9,26,15,18,10,25,35,18,17,8,3,19,0,16,4,16,7,7-0(36-31),0,1
5965,694,71,14,26,11,20,0,0,0,0,17,44,11,27,4,10,12,22,34,20,9,9,0,22,1,26,7,12,12,8-0(62-71),0,0
5965,729,79,19,22,16,22,0,0,0,0,15,28,10,27,19,25,8,33,41,19,16,3,3,13,17,20,6,6,9,9-0(51-64),0,0
5964,694,81,17,23,23,18,0,0,0,0,26,50,7,19,8,12,10,25,35,23,6,6,2,19,10,38,4,8,17,10-0(74-72),2,1
5964,729,82,10,29,29,14,0,0,0,0,13,27,14,27,14,23,4,27,31,26,11,1,2,12,8,20,8,4,7,8-0(38-39),2,1
5888,720,60,16,17,14,13,0,0,0,0,22,49,2,19,10,18,14,21,35,15,9,10,3,27,9,36,12,17,20,7-0(7-0),3,1
5888,729,76,23,14,27,12,0,0,0,0,15,27,7,25,25,31,11,31,42,25,15,4,3,14,20,22,6,6,10,11-0(16-26),3,1
5889,720,72,23,20,12,17,0,0,0,0,21,37,7,27,9,16,16,28,44,16,16,6,0,20,14,38,12,18,16,13-0(38-24),0,0
5889,729,80,14,15,19,32,0,0,0,0,9,23,17,34,11,15,4,24,28,20,11,6,2,17,8,18,6,1,16,8-0(25-24),0,0
5878,727,77,23,16,16,22,0,0,0,0,22,39,8,33,9,13,9,30,39,24,7,9,2,15,17,32,13,8,12,9-0(25-15),1,1
5878,700,62,15,12,17,18,0,0,0,0,24,47,3,21,5,6,10,34,44,20,15,6,4,13,2,36,11,4,8,8-0(48-40),1,1
5979,697,84,20,19,16,29,0,0,0,0,27,48,8,21,6,7,10,23,33,21,15,10,4,19,6,44,8,11,24,12-0(65-66),3,2
5979,700,85,18,26,22,19,0,0,0,0,27,46,6,22,13,20,16,24,40,25,16,9,3,12,13,48,18,18,16,8-0(24-26),3,2
5957,693,73,15,21,19,18,0,0,0,0,20,44,9,30,6,12,19,28,47,24,12,7,8,17,7,36,10,21,14,10-0(57-56),2,3
5957,700,72,13,24,19,16,0,0,0,0,17,45,9,22,11,14,12,27,39,24,12,2,1,15,9,26,8,14,9,8-0(34-37),2,3
5956,693,80,25,22,14,19,0,0,0,0,24,42,7,29,11,18,19,24,43,24,18,10,3,17,15,34,9,18,25,11-0(47-33),0,0
5956,700,72,21,14,13,24,0,0,0,0,22,45,6,14,10,12,7,25,32,20,23,7,2,17,1,36,13,11,16,7-0(61-53),0,0
5879,727,88,21,29,21,17,0,0,0,0,19,35,14,30,8,12,11,29,40,26,13,12,1,19,38,32,13,9,26,15-0(32-17),3,2
5879,700,53,17,8,12,16,0,0,0,0,19,46,2,13,9,12,11,23,34,11,21,6,1,14,4,36,12,9,12,9-0(80-51),3,2
5923,720,85,22,16,29,18,0,0,0,0,29,53,4,26,15,23,21,21,42,21,13,12,2,19,5,50,19,21,30,8-0(22-18),7,4
5923,700,99,20,26,28,25,0,0,0,0,30,45,9,21,12,15,9,29,38,26,18,7,4,19,16,48,6,12,18,8-0(38-48),7,4
6504,710,71,14,24,14,19,0,0,0,0,17,30,7,24,16,23,7,31,38,18,14,4,4,16,25,24,6,7,11,13-0(34-22),5,2
6504,719,54,12,12,10,20,0,0,0,0,21,47,2,17,6,8,11,26,37,14,10,6,0,25,4,40,12,9,10,8-0(14-18),5,2
6505,710,82,20,18,22,22,0,0,0,0,21,42,7,16,19,24,12,23,35,19,14,8,2,21,12,30,8,13,20,7-0(20-16),4,3
6505,719,75,18,19,17,21,0,0,0,0,19,39,8,16,13,25,10,21,31,21,15,5,2,24,4,34,11,12,21,9-0(38-40),4,3
6481,722,86,20,21,14,31,0,0,0,0,22,40,11,32,9,12,12,27,39,25,13,7,0,16,8,38,20,9,13,10-0(78-85),3,0
6481,719,93,25,23,29,16,0,0,0,0,32,55,7,22,8,14,16,27,43,23,12,10,2,15,24,56,16,10,10,12-0(55-79),3,0
6480,722,84,19,26,25,14,0,0,0,0,21,29,9,29,15,20,13,28,41,18,19,3,1,24,12,36,10,12,9,7-0(30-31),2,1
6480,719,87,23,20,18,26,0,0,0,0,24,44,8,21,15,22,8,13,21,17,6,13,1,20,8,42,8,8,15,8-0(78-77),2,1
5915,706,75,15,17,25,18,0,0,0,0,19,44,6,21,19,24,12,23,35,17,11,9,2,26,10,28,9,17,17,9-0(43-44),1,0
5915,703,80,18,21,16,25,0,0,0,0,23,49,5,19,19,23,18,28,46,12,12,6,2,23,10,34,12,22,16,11-0(15-18),1,0
5966,695,57,14,7,15,21,0,0,0,0,16,35,4,18,13,15,6,21,27,12,16,3,3,13,0,30,8,4,4,5-0(12-32),0,0
5966,703,99,35,20,22,22,0,0,0,0,26,46,14,32,5,6,16,28,44,25,4,11,4,19,47,44,20,23,25,13-0(0-13),0,0
5967,695,67,8,21,19,19,0,0,0,0,19,39,6,16,11,14,4,25,29,18,20,7,3,15,0,38,6,7,6,7-0(25-39),0,0
5967,703,85,24,24,19,18,0,0,0,0,28,48,6,19,11,15,10,27,37,21,11,13,2,18,23,50,19,13,19,11-0(0-11),0,0
5974,693,69,15,14,24,16,0,0,0,0,21,40,4,22,15,21,10,31,41,12,16,10,4,25,7,24,13,8,9,7-0(7-0),2,3
5974,703,72,15,21,16,20,0,0,0,0,14,43,9,26,17,24,19,24,43,16,15,7,4,20,9,24,8,12,19,9-0(9-11),2,3
5898,704,87,16,21,23,27,0,0,0,0,29,46,7,15,8,12,10,24,34,16,15,9,1,21,15,40,10,12,20,13-0(52-37),1,1
5898,703,78,14,21,19,24,0,0,0,0,20,32,8,27,14,25,12,17,29,15,14,11,0,19,2,38,13,13,10,9-0(54-49),1,1
5899,704,68,11,19,15,23,0,0,0,0,17,44,3,14,25,33,14,26,40,9,11,6,2,17,5,22,12,11,13,7-0(60-75),1,1
5899,703,85,17,23,25,20,0,0,0,0,21,38,11,30,10,13,10,28,38,25,10,4,2,29,22,40,9,18,15,12-0(5-12),1,1
5918,695,67,13,23,10,21,0,0,0,0,13,31,11,28,8,12,6,24,30,18,20,6,1,20,0,22,15,11,12,7-0(20-26),0,0
5918,696,97,26,21,29,21,0,0,0,0,30,49,8,19,13,17,8,29,37,21,10,13,3,14,35,52,24,10,33,15-0(44-74),0,0
5973,721,80,23,27,18,12,0,0,0,0,21,44,8,17,14,18,9,23,32,22,16,9,3,28,13,30,18,9,14,7-0(35-28),9,2
5973,696,89,22,20,27,20,0,0,0,0,25,42,7,21,18,24,12,24,36,22,14,10,2,20,13,50,15,11,17,10-0(72-85),9,2
5870,699,89,22,20,21,26,0,0,0,0,32,54,5,21,10,15,16,27,43,14,17,3,5,19,4,54,4,17,15,10-0(54-53),2,5
5870,696,97,22,27,22,26,0,0,0,0,26,40,9,28,18,26,9,23,32,17,11,10,0,16,12,44,27,11,20,11-0(59-68),2,5
5934,728,81,27,18,20,16,0,0,0,0,20,36,11,31,8,9,11,27,38,14,16,10,0,24,12,38,8,16,18,8-0(67-66),3,3
5934,696,85,18,26,22,19,0,0,0,0,20,37,9,27,18,26,13,25,38,16,13,7,4,14,8,36,6,9,20,10-0(53-61),3,3
5972,721,74,13,21,17,23,0,0,0,0,18,40,5,17,23,26,8,25,33,23,18,9,1,19,3,28,7,6,10,6-0(34-48),4,1
5972,696,97,26,25,21,25,0,0,0,0,26,44,9,24,18,22,8,28,36,20,12,8,3,22,26,50,9,9,28,10-0(7-16),4,1
5935,728,99,28,17,22,32,0,0,0,0,25,38,14,34,7,11,12,31,43,26,9,6,2,23,22,50,15,13,13,12-0(94-74),1,2
5935,696,77,24,21,20,12,0,0,0,0,21,37,6,25,17,25,8,21,29,14,7,4,2,14,2,38,12,7,10,7-0(16-16),1,2
5871,699,75,18,18,16,23,0,0,0,0,23,46,6,18,11,16,8,22,30,20,9,3,3,16,0,32,2,12,6,7-0(47-63),0,0
5871,696,97,30,20,21,26,0,0,0,0,22,33,15,30,8,10,5,30,35,28,8,5,6,14,26,34,10,5,11,13-0(40-63),0,0
6454,692,81,17,28,21,15,0,0,0,0,25,41,3,24,22,30,15,32,47,20,13,9,0,15,26,48,9,12,29,11-0(30-18),2,2
6454,710,58,14,19,14,11,0,0,0,0,16,37,5,19,11,18,7,26,33,15,18,6,1,25,3,16,5,4,11,5-0(6-9),2,2
6530,717,79,18,17,15,20,9,0,0,0,23,42,6,21,15,27,11,30,41,13,12,6,3,20,11,42,7,16,13,12-0(16-7),1,2
6530,710,76,9,20,16,25,6,0,0,0,15,30,11,36,13,19,10,29,39,14,11,7,2,23,4,22,7,17,18,12-0(23-25),1,2
6493,745,102,29,23,26,24,0,0,0,0,29,54,6,9,26,30,16,33,49,28,15,13,3,17,54,50,28,17,29,22-0(22-0),0,0
6493,710,52,5,17,8,22,0,0,0,0,14,36,6,21,6,7,3,13,16,17,18,8,0,24,0,24,10,0,11,9-0(78-33),0,0
6455,692,79,30,8,23,18,0,0,0,0,23,36,8,22,9,13,8,34,42,26,11,4,0,21,28,38,7,6,12,12-0(64-43),2,0
6455,710,54,14,18,11,11,0,0,0,0,13,36,6,26,10,12,10,23,33,12,9,4,4,16,1,16,3,12,11,7-0(34-24),2,0
6531,717,65,16,11,13,25,0,0,0,0,25,39,4,15,3,10,12,26,38,23,19,5,0,16,7,44,6,12,13,10-0(58-51),1,2
6531,710,63,16,22,11,14,0,0,0,0,17,28,6,28,11,14,6,19,25,20,11,10,2,19,15,18,8,7,15,14-0(27-41),1,2
6492,745,70,17,14,25,14,0,0,0,0,19,48,3,15,23,34,17,33,50,17,11,3,4,16,7,34,10,15,7,10-0(55-49),0,0
6492,710,67,21,19,13,14,0,0,0,0,16,37,8,30,11,11,8,28,36,17,9,5,0,28,14,20,0,8,9,6-0(17-27),0,0
5869,698,63,21,5,17,20,0,0,0,0,10,28,10,29,13,18,9,30,39,21,17,6,2,23,14,10,10,8,11,14-0(14-0),0,0
5869,720,75,12,23,15,25,0,0,0,0,22,49,5,15,16,27,13,30,43,20,10,10,3,21,12,42,13,11,20,8-0(21-19),0,0
5868,698,51,18,13,9,11,0,0,0,0,18,42,3,23,6,16,12,21,33,13,12,7,1,21,5,18,6,5,16,9-0(13-8),2,2
5868,720,73,19,15,17,22,0,0,0,0,14,29,10,25,15,20,9,35,44,21,19,5,2,24,24,24,8,11,10,11-0(47-71),2,2
5951,698,80,26,9,17,28,0,0,0,0,20,40,9,24,13,13,15,16,31,19,15,6,1,17,11,34,2,15,15,10-0(45-45),0,1
5951,720,82,15,26,17,24,0,0,0,0,28,44,5,19,11,14,13,19,32,23,13,9,4,14,10,44,11,15,18,19-0(32-41),0,1
5943,701,82,20,15,28,19,0,0,0,0,20,33,8,30,18,23,11,22,33,17,9,10,0,14,16,28,2,16,20,14-0(63-54),4,0
5943,720,75,22,20,14,19,0,0,0,0,27,47,4,14,9,13,9,24,33,22,14,6,3,21,10,46,8,3,4,11-0(20-30),4,0
5895,702,80,22,13,20,25,0,0,0,0,15,42,12,29,14,16,13,20,33,22,11,6,0,24,2,28,14,16,18,11-0(78-80),1,0
5895,720,84,23,22,14,25,0,0,0,0,27,46,3,10,21,32,13,31,44,20,15,6,7,17,14,48,16,19,13,13-0(62-76),1,0
5980,728,82,23,25,10,24,0,0,0,0,17,37,13,33,9,10,8,19,27,21,12,7,3,15,8,30,9,8,10,12-0(45-38),2,4
5980,720,101,18,28,33,22,0,0,0,0,28,52,14,22,3,5,12,30,42,22,12,8,1,12,28,50,13,20,18,12-0(53-65),2,4
5894,702,85,17,25,18,25,0,0,0,0,20,42,9,22,18,25,7,16,23,22,7,9,1,16,4,24,7,6,15,10-0(85-93),2,6
5894,720,93,19,22,28,24,0,0,0,0,27,40,10,21,9,11,9,28,37,18,16,5,1,21,18,54,10,15,9,12-0(60-74),2,6
5942,701,84,17,24,16,27,0,0,0,0,20,36,8,19,20,28,10,29,39,18,14,3,6,16,15,34,2,13,10,13-0(30-16),8,3
5942,720,71,14,17,16,24,0,0,0,0,20,51,8,24,7,10,18,19,37,14,11,5,4,24,4,36,6,15,10,8-0(43-39),8,3
5857,706,52,8,14,13,17,0,0,0,0,12,36,6,24,10,12,11,30,41,13,17,8,1,26,6,18,4,10,11,7-0(13-7),4,0
5857,727,55,7,14,17,17,0,0,0,0,15,37,3,24,16,23,16,29,45,12,15,10,1,16,8,28,8,12,10,8-0(13-15),4,0
5856,706,85,16,15,27,27,0,0,0,0,17,37,10,21,21,27,9,23,32,22,11,7,2,19,17,18,10,8,14,7-0(42-30),2,2
5856,727,79,16,6,22,35,0,0,0,0,20,33,9,28,12,15,8,24,32,18,13,6,7,24,1,38,2,12,13,7-0(58-51),2,2
5932,716,72,18,18,18,18,0,0,0,0,14,32,12,35,8,12,12,31,43,21,8,2,2,13,13,28,5,12,4,10-0(28-25),0,0
5932,727,66,23,9,16,18,0,0,0,0,18,37,7,32,9,11,11,31,42,24,6,2,4,16,9,30,2,12,5,6-0(0-6),0,0
5933,716,62,19,16,14,13,0,0,0,0,15,31,9,29,5,5,14,21,35,15,16,2,3,22,7,22,2,7,11,8-0(35-37),0,0
5933,727,80,17,22,17,24,0,0,0,0,14,25,10,30,22,29,11,21,32,21,7,12,3,12,20,24,12,11,24,9-0(27-37),0,0
5916,726,87,27,22,18,20,0,0,0,0,25,42,8,21,13,21,11,20,31,18,17,6,2,19,6,42,15,10,22,7-0(29-28),5,3
5916,727,95,28,17,19,31,0,0,0,0,23,33,11,32,16,17,10,20,30,24,15,11,6,22,8,42,15,13,19,9-0(49-52),5,3
5975,704,94,23,28,26,17,0,0,0,0,20,32,12,30,18,25,12,20,32,21,13,9,1,19,11,28,17,16,22,8-0(34-29),5,3
5975,727,97,22,22,32,21,0,0,0,0,17,29,15,31,18,20,8,21,29,25,14,5,2,22,3,32,5,3,12,7-0(48-44),5,3
5920,729,81,14,19,23,25,0,0,0,0,21,40,8,28,15,18,9,35,44,19,7,4,2,8,8,34,14,10,3,10-0(73-67),1,4
5920,721,76,16,17,25,18,0,0,0,0,22,46,9,28,5,10,8,30,38,19,6,7,3,18,7,34,13,7,11,9-0(26-27),1,4
5872,700,94,18,23,24,29,0,0,0,0,31,47,6,21,14,26,13,37,50,29,11,5,4,20,12,58,15,12,5,10-0(10-8),2,4
5872,721,83,22,20,28,13,0,0,0,0,24,50,7,31,14,22,19,21,40,18,5,7,2,22,8,42,12,16,11,8-0(0-8),2,4
5983,699,76,21,23,14,18,0,0,0,0,22,44,7,19,11,14,7,28,35,20,11,5,0,19,4,26,20,9,12,6-0(21-17),2,2
5983,721,94,26,18,29,21,0,0,0,0,22,38,11,27,17,23,9,29,38,30,8,7,1,14,20,36,11,7,14,12-0(21-29),2,2
5901,727,82,22,16,24,20,0,0,0,0,20,38,6,25,24,30,16,28,44,22,12,5,3,22,6,38,9,21,9,8-0(8-2),2,3
5901,721,80,26,18,18,18,0,0,0,0,21,39,8,27,14,19,9,24,33,23,10,3,5,26,13,38,7,4,8,10-0(28-41),2,3
5873,700,84,22,20,25,17,0,0,0,0,29,55,5,19,11,18,16,26,42,24,10,4,3,15,9,46,9,24,6,11-0(36-28),6,5
5873,721,93,19,20,24,30,0,0,0,0,35,55,4,18,11,16,12,28,40,25,7,8,5,16,9,56,13,12,17,7-0(25-28),6,5
5900,727,99,29,12,35,23,0,0,0,0,29,46,9,29,14,19,20,34,54,24,10,10,6,16,35,52,12,27,14,15-0(58-35),0,0
5900,721,64,18,13,15,18,0,0,0,0,17,42,5,23,15,19,11,20,31,17,13,7,3,16,0,30,5,14,9,6-0(12-8),0,0
6485,724,101,24,24,33,20,0,0,0,0,23,36,15,27,10,12,9,33,42,30,14,5,4,17,33,38,8,10,5,13-0(76-43),3,1
6485,723,79,18,12,21,28,0,0,0,0,15,40,11,23,16,18,6,17,23,20,9,6,2,13,3,22,14,3,23,9-0(84-60),3,1
6484,724,87,23,16,18,30,0,0,0,0,24,43,8,22,15,18,11,28,39,21,12,6,4,12,12,38,17,19,14,10-0(87-75),0,1
6484,723,78,18,17,21,22,0,0,0,0,21,40,10,25,6,12,8,23,31,20,10,2,0,20,3,32,10,12,14,10-0(49-50),0,1
6522,717,67,22,13,12,20,0,0,0,0,20,42,5,23,12,14,12,23,35,24,11,9,1,20,13,34,2,9,14,8-0(8-0),0,0
6522,723,77,14,25,16,22,0,0,0,0,19,38,9,19,12,16,7,29,36,16,16,8,1,16,12,36,15,13,17,11-0(35-47),0,0
5937,699,81,15,19,29,18,0,0,0,0,25,47,4,15,19,22,8,22,30,12,8,7,2,19,13,36,15,8,8,13-0(55-44),0,0
5937,695,86,21,15,16,34,0,0,0,0,23,42,8,27,16,18,15,28,43,21,10,6,0,20,11,42,7,19,14,11-0(23-34),0,0
5976,706,76,14,22,16,24,0,0,0,0,25,57,4,17,14,18,12,22,34,22,6,7,3,20,3,32,6,11,14,10-0(73-80),5,1
5976,695,84,15,26,24,19,0,0,0,0,27,47,5,14,15,20,9,31,40,22,14,4,6,17,17,46,17,13,7,6-0(8-11),5,1
5892,701,89,17,21,31,20,0,0,0,0,22,58,9,17,18,24,20,21,41,26,9,13,2,21,16,34,10,22,26,11-0(66-52),1,1
5892,695,75,21,20,16,18,0,0,0,0,21,42,6,13,15,17,7,24,31,15,18,4,6,19,10,38,0,8,9,15-0(17-26),1,1
5893,701,86,20,21,24,21,0,0,0,0,24,53,8,18,14,20,20,21,41,23,6,6,4,22,10,36,4,14,12,7-0(72-64),7,4
5893,695,79,21,15,22,21,0,0,0,0,20,36,9,18,12,19,9,22,31,17,12,2,4,17,5,30,4,11,6,8-0(65-64),7,4
5947,727,92,22,22,24,24,0,0,0,0,27,42,8,26,14,17,6,28,34,20,7,8,2,19,29,54,10,8,18,11-0(75-51),4,4
5947,695,69,20,13,18,18,0,0,0,0,16,31,7,27,16,20,7,27,34,17,16,4,1,17,4,22,2,4,4,8-0(90-69),4,4
5936,699,92,22,16,27,27,0,0,0,0,26,45,7,13,19,24,8,23,31,20,9,5,4,16,10,26,14,6,17,8-0(49-51),0,0
5936,695,86,20,26,15,25,0,0,0,0,20,43,11,23,13,15,12,18,30,22,10,6,1,19,12,26,7,7,14,8-0(22-25),0,0
6474,712,78,17,12,17,32,0,0,0,0,25,47,4,22,16,19,16,26,42,20,13,10,4,20,14,44,14,16,16,11-0(17-8),1,2
6474,715,67,11,14,10,32,0,0,0,0,13,33,8,25,17,25,12,25,37,15,17,9,1,16,5,24,13,13,19,8-0(25-20),1,2
6539,723,86,23,16,18,29,0,0,0,0,22,37,8,21,18,22,6,33,39,17,14,12,0,18,27,40,16,3,22,7-0(10-4),2,0
6539,715,59,14,12,18,15,0,0,0,0,17,41,5,19,10,15,8,23,31,18,18,7,0,22,1,30,8,6,13,6-0(46-39),2,0
6475,712,81,23,13,17,28,0,0,0,0,23,40,8,31,11,19,14,27,41,21,8,9,4,16,10,34,14,13,16,15-0(77-74),0,0
6475,715,79,15,27,27,10,0,0,0,0,20,40,10,23,9,14,10,30,40,21,15,4,1,17,19,32,5,17,6,11-0(32-37),0,0
6489,711,90,21,27,16,26,0,0,0,0,18,37,14,26,12,18,6,28,34,24,14,8,1,19,19,34,22,2,11,10-0(36-22),4,3
6489,715,85,18,16,21,30,0,0,0,0,21,39,11,31,10,16,11,27,38,21,12,9,3,15,3,36,4,17,13,13-0(57-52),4,3
6488,711,71,21,16,19,15,0,0,0,0,16,36,10,32,9,19,12,34,46,14,19,7,3,18,16,26,11,13,19,16-0(46-32),3,2
6488,715,68,18,14,13,23,0,0,0,0,21,41,5,28,11,16,10,35,45,22,17,12,1,17,5,26,15,4,16,9-0(21-23),3,2
6538,723,67,16,16,21,14,0,0,0,0,23,42,5,21,6,11,11,40,51,15,19,4,1,13,23,38,8,9,5,12-0(16-6),2,2
6538,715,57,7,13,12,25,0,0,0,0,16,42,7,27,4,10,10,28,38,15,11,11,1,16,2,20,10,5,19,7-0(57-45),2,2
5885,698,72,10,16,23,23,0,0,0,0,17,38,9,26,11,16,16,29,45,19,10,5,1,14,9,30,12,13,6,13-0(72-63),1,1
5885,694,63,19,23,13,8,0,0,0,0,21,43,5,22,6,14,12,26,38,14,8,4,1,19,20,32,4,8,11,9-0(2-9),1,1
5927,693,68,8,19,24,17,0,0,0,0,15,36,7,25,17,25,13,23,36,18,9,6,6,23,25,26,14,11,27,15-0(33-18),1,0
5927,694,48,7,11,18,12,0,0,0,0,16,39,2,11,10,20,12,28,40,12,22,3,4,23,5,32,0,11,7,5-0(0-5),1,0
5926,693,70,19,13,16,22,0,0,0,0,17,46,7,26,15,24,26,19,45,16,14,8,5,20,7,22,17,21,25,7-0(57-56),2,3
5926,694,68,14,13,25,16,0,0,0,0,18,33,7,14,11,18,5,25,30,23,21,8,6,27,6,36,7,6,12,9-0(39-41),2,3
5948,696,84,20,12,22,30,0,0,0,0,17,35,12,24,14,26,11,28,39,30,18,8,3,15,20,32,12,15,20,9-0(66-57),7,1
5948,694,64,27,12,16,9,0,0,0,0,19,40,6,23,8,11,9,24,33,22,19,8,1,25,9,36,7,9,15,9-0(14-22),7,1
5861,695,80,31,9,21,19,0,0,0,0,22,40,9,24,9,11,12,19,31,24,12,8,6,17,24,38,13,12,24,10-0(10-0),0,0
5861,694,75,11,22,21,21,0,0,0,0,17,38,11,26,8,16,17,22,39,17,17,5,5,14,0,34,8,20,11,16-0(35-27),0,0
5884,698,76,25,9,13,29,0,0,0,0,16,34,10,29,14,17,11,16,27,21,9,5,1,18,9,28,7,9,15,9-0(19-10),2,1
5884,694,84,19,18,23,24,0,0,0,0,17,36,12,23,14,19,12,25,37,19,13,5,4,22,13,30,20,21,13,8-0(31-37),2,1
5860,695,53,14,4,24,11,0,0,0,0,17,40,3,22,10,13,8,22,30,13,14,6,3,14,0,34,15,5,19,7-0(14-16),0,0
5860,694,74,16,19,20,19,0,0,0,0,18,37,8,20,14,17,9,34,43,12,18,7,4,18,21,28,6,8,17,13-0(14-29),0,0
5959,706,80,18,26,21,15,0,0,0,0,18,39,8,24,20,29,14,25,39,18,7,3,2,18,12,22,8,12,5,9-0(23-11),1,1
5959,698,87,11,23,27,26,0,0,0,0,24,45,11,26,6,8,12,28,40,23,4,6,2,26,7,40,7,16,11,9-0(65-70),1,1
5958,706,88,24,30,14,20,0,0,0,0,19,43,12,23,14,14,3,24,27,24,3,4,3,17,18,28,15,5,9,12-0(29-18),2,0
5958,698,86,18,18,25,25,0,0,0,0,25,43,9,23,9,10,8,30,38,20,8,3,1,19,1,42,3,5,3,8-0(78-75),2,0
5904,695,79,17,18,17,27,0,0,0,0,26,44,4,20,15,20,8,33,41,17,15,8,2,14,10,46,15,7,23,8-0(70-62),4,4
5904,698,73,15,15,19,24,0,0,0,0,21,41,8,25,7,12,6,27,33,17,13,10,2,19,5,34,14,9,14,7-0(11-12),4,4
5905,695,93,10,18,25,27,13,0,0,0,24,43,7,27,24,28,10,19,29,21,7,5,3,16,2,44,11,13,11,7-0(35-43),2,0
5905,698,99,19,22,13,26,19,0,0,0,23,41,13,31,14,16,16,30,46,24,13,3,3,24,15,38,10,17,14,14-0(10-23),2,0
5925,702,87,23,20,21,23,0,0,0,0,25,42,9,25,10,10,4,22,26,26,4,2,1,19,8,34,6,9,13,9-0(45-40),0,0
5925,698,98,22,18,28,30,0,0,0,0,21,34,14,33,14,21,12,29,41,22,8,2,1,17,15,42,4,14,6,7-0(62-68),0,0
5924,702,80,27,16,15,22,0,0,0,0,19,33,9,33,15,17,8,25,33,18,9,8,0,26,16,36,15,7,17,11-0(16-5),1,1
5924,698,86,13,21,26,26,0,0,0,0,23,40,7,18,19,30,11,30,41,17,14,4,2,20,9,40,12,17,13,8-0(45-47),1,1
6517,752,86,24,24,21,17,0,0,0,0,28,56,5,24,15,25,23,23,46,18,17,13,1,32,13,52,15,23,33,10-0(77-64),2,2
6517,724,76,15,23,26,12,0,0,0,0,18,35,4,11,28,36,5,27,32,20,24,8,6,23,2,28,17,0,20,11-0(60-60),2,2
6487,692,65,20,16,17,12,0,0,0,0,17,40,5,24,16,19,10,30,40,16,15,9,6,16,11,34,19,7,11,8-0(40-32),2,0
6487,724,67,16,16,19,16,0,0,0,0,26,60,2,14,9,11,16,31,47,20,15,11,1,15,4,44,17,14,18,8-0(49-49),2,0
6486,692,77,22,20,6,29,0,0,0,0,23,44,6,26,13,13,9,32,41,26,10,6,2,15,16,36,16,10,10,10-0(63-51),1,2
6486,724,73,17,11,21,24,0,0,0,0,23,46,7,25,6,9,8,32,40,20,12,5,3,21,2,44,7,9,12,12-0(44-40),1,2
6468,1638,93,20,20,26,27,0,0,0,0,24,53,8,23,21,29,12,22,34,26,9,12,0,32,10,40,12,11,17,7-0(33-31),4,6
6468,724,85,22,17,22,24,0,0,0,0,30,48,2,9,19,34,7,34,41,21,18,3,2,25,5,48,12,11,6,7-0(77-74),4,6
6516,752,70,19,16,21,14,0,0,0,0,16,46,9,24,11,19,14,22,36,19,20,10,5,32,14,22,11,12,22,7-0(12-9),2,1
6516,724,72,17,14,18,23,0,0,0,0,20,36,2,20,26,31,13,35,48,21,28,11,7,25,5,32,15,5,23,7-0(5-9),2,1
6469,1638,81,18,22,21,20,0,0,0,0,27,43,4,15,15,23,6,25,31,21,20,10,1,31,11,44,14,3,21,11-0(27-16),1,3
6469,724,83,16,24,22,21,0,0,0,0,20,42,4,17,31,40,14,23,37,21,19,10,1,19,8,38,12,11,29,7-0(29-25),1,3
6535,719,80,19,16,18,27,0,0,0,0,19,40,9,28,15,18,10,26,36,23,13,9,1,21,0,38,16,14,24,10-0(66-80),0,1
6535,724,95,23,25,27,20,0,0,0,0,28,48,6,18,21,26,9,31,40,27,13,7,1,20,24,46,23,16,19,9-0(26-40),0,1
6534,719,77,18,18,24,17,0,0,0,0,28,53,3,20,12,20,13,30,43,18,6,8,4,22,9,48,18,14,13,11-0(55-49),1,3
6534,724,76,22,13,23,18,0,0,0,0,24,47,6,21,10,16,9,32,41,20,11,2,4,20,7,42,4,8,8,9-0(72-72),1,3
5855,703,79,20,22,12,25,0,0,0,0,21,40,9,22,10,13,9,24,33,22,12,7,2,16,16,34,15,6,9,10-0(37-31),6,3
5855,701,68,19,14,16,19,0,0,0,0,23,42,4,15,10,14,6,23,29,13,14,7,2,20,4,36,5,10,14,8-0(20-24),6,3
5981,729,76,15,15,20,26,0,0,0,0,16,34,6,13,26,34,3,29,32,20,15,7,2,22,4,26,3,8,7,13-0(71-69),1,2
5981,701,80,22,17,24,17,0,0,0,0,25,52,6,20,12,21,16,25,41,12,10,8,2,25,18,36,3,17,17,8-0(76-80),1,2
5897,693,76,20,16,17,23,0,0,0,0,25,44,4,19,14,21,18,20,38,18,21,11,7,20,9,40,8,17,22,7-0(65-68),0,0
5897,701,82,16,22,19,25,0,0,0,0,24,47,9,19,7,16,15,21,36,18,18,15,1,24,10,40,12,22,23,8-0(20-21),0,0
5963,727,83,20,21,17,25,0,0,0,0,26,42,3,13,22,28,5,19,24,27,14,9,1,16,10,48,8,8,23,8-0(76-82),2,2
5963,701,89,17,19,30,23,0,0,0,0,23,41,10,23,13,15,13,20,33,16,17,8,1,25,14,40,11,21,14,8-0(45-44),2,2
5953,721,72,20,18,18,16,0,0,0,0,16,42,8,18,16,16,10,28,38,15,14,4,5,16,12,30,5,13,10,7-0(49-47),0,1
5953,701,74,15,21,18,20,0,0,0,0,25,49,4,18,12,17,13,25,38,10,10,7,3,16,5,36,9,13,18,9-0(20-17),0,1
5921,698,77,15,16,14,32,0,0,0,0,16,36,11,29,12,17,10,23,33,12,12,6,0,26,3,28,11,4,15,8-0(43-49),1,1
5921,701,89,24,18,16,31,0,0,0,0,23,41,7,22,22,33,15,31,46,22,14,4,2,21,19,40,8,20,14,13-0(5-15),1,1
5962,727,65,18,11,13,23,0,0,0,0,18,38,2,14,23,29,5,23,28,9,15,7,4,19,1,30,2,4,18,9-0(65-79),4,3
5962,701,79,20,21,24,14,0,0,0,0,22,36,7,29,14,18,16,29,45,17,16,11,1,28,27,38,8,15,8,13-0(42-68),4,3
5854,703,73,17,13,24,19,0,0,0,0,21,50,6,15,13,20,12,28,40,21,11,11,5,15,19,36,15,8,23,8-0(48-29),3,1
5854,701,61,14,11,16,20,0,0,0,0,24,52,2,15,7,8,14,28,42,10,17,6,5,20,5,38,6,10,16,5-0(50-37),3,1
5896,693,53,16,13,13,11,0,0,0,0,15,44,3,21,14,19,12,23,35,16,12,9,5,20,6,30,15,6,9,5-0(7-2),1,1
5896,701,74,21,18,20,15,0,0,0,0,21,39,7,18,11,16,6,37,43,21,16,8,3,23,26,40,8,8,11,10-0(42-65),1,1
6465,719,92,21,18,26,27,0,0,0,0,23,42,9,20,19,34,12,20,32,27,18,7,5,22,1,40,22,15,11,7-0(72-87),4,2
6465,752,103,25,30,28,20,0,0,0,0,29,53,8,17,21,26,14,26,40,20,16,11,3,33,22,54,10,23,22,17-0(21-39),4,2
6536,722,98,20,23,28,27,0,0,0,0,23,42,7,22,31,34,12,28,40,24,20,10,2,24,12,46,17,8,22,11-0(14-11),2,1
6536,752,86,15,32,19,20,0,0,0,0,23,45,8,19,16,24,9,23,32,17,21,11,6,33,8,40,15,16,27,11-0(3-11),2,1
6495,717,78,19,22,13,24,0,0,0,0,21,38,6,18,18,25,14,20,34,22,21,7,0,24,13,38,4,15,22,9-0(9-0),0,0
6495,752,80,14,17,23,26,0,0,0,0,19,38,9,22,15,20,14,18,32,19,19,11,5,26,7,32,4,14,15,16-0(54-57),0,0
6537,722,81,13,16,23,29,0,0,0,0,22,31,5,21,22,29,13,25,38,19,25,8,6,23,2,38,14,18,8,5-0(34-44),2,3
6537,752,84,19,23,22,20,0,0,0,0,22,40,9,28,13,20,14,14,28,22,15,11,2,29,15,40,19,15,19,7-0(15-26),2,3
6494,717,96,20,21,31,24,0,0,0,0,29,42,3,8,29,33,5,32,37,24,20,5,0,26,24,54,21,6,16,10-0(55-37),4,0
6494,752,74,14,21,16,23,0,0,0,0,20,39,6,30,16,28,15,14,29,17,14,15,1,27,4,38,14,15,30,8-0(20-22),4,0
6472,710,71,19,15,15,22,0,0,0,0,25,49,4,21,9,15,12,20,32,18,14,9,1,24,0,36,10,7,10,10-0(63-81),0,0
6472,711,93,28,14,29,22,0,0,0,0,24,36,8,23,21,23,7,31,38,28,15,6,2,20,28,38,24,10,16,12-0(38-59),0,0
6473,710,68,17,18,19,14,0,0,0,0,24,45,4,16,8,12,6,25,31,18,13,7,2,25,9,34,9,6,19,11-0(58-53),5,4
6473,711,74,15,20,18,21,0,0,0,0,14,29,8,25,22,30,12,29,41,22,16,8,5,18,6,28,11,8,14,9-0(35-35),5,4
6511,718,90,20,20,22,28,0,0,0,0,32,51,5,18,11,17,11,23,34,14,14,9,3,23,2,56,14,12,19,10-0(34-32),0,0
6511,711,95,26,19,26,24,0,0,0,0,24,39,10,27,17,23,12,24,36,15,13,8,0,23,17,42,15,17,19,10-0(50-63),0,0
6510,718,85,23,10,28,24,0,0,0,0,26,42,5,21,18,24,7,26,33,19,12,8,2,26,7,44,13,2,9,8-0(18-14),3,1
6510,711,84,17,19,25,23,0,0,0,0,16,31,9,24,25,34,7,24,31,21,14,7,2,22,6,26,12,11,15,8-0(4-10),3,1
6520,713,94,23,22,24,25,0,0,0,0,35,58,5,16,9,13,12,27,39,26,9,10,3,18,22,62,21,17,22,8-0(83-61),3,1
6520,711,74,22,16,14,22,0,0,0,0,20,40,9,25,7,10,12,24,36,21,17,4,6,17,3,32,11,12,9,8-0(23-24),3,1
5863,716,76,26,14,24,12,0,0,0,0,14,23,8,27,24,29,5,29,34,23,16,6,4,19,16,26,12,5,2,9-0(17-4),0,1
5863,693,80,10,24,28,18,0,0,0,0,23,56,7,19,13,19,19,25,44,20,10,7,1,25,6,28,10,25,12,11-0(26-21),0,1
5887,699,68,16,13,23,16,0,0,0,0,16,33,10,26,6,8,7,24,31,14,14,4,3,21,4,24,8,11,8,8-0(31-31),3,1
5887,693,79,15,16,23,25,0,0,0,0,20,41,7,24,18,23,16,25,41,24,10,11,2,12,11,28,9,18,17,10-0(22-29),3,1
5862,716,55,12,19,12,12,0,0,0,0,11,22,5,24,18,29,7,34,41,14,23,4,2,21,0,22,3,9,5,7-0(44-59),0,0
5862,693,80,23,14,22,21,0,0,0,0,23,48,6,19,16,27,10,29,39,21,7,15,1,26,28,42,16,12,30,9-0(31-46),0,0
5914,702,104,25,33,24,22,0,0,0,0,23,38,16,31,10,14,15,26,41,27,14,7,4,26,34,36,10,22,16,11-0(54-27),0,1
5914,693,79,16,20,20,23,0,0,0,0,24,43,5,23,16,29,17,17,34,19,14,10,3,19,0,46,15,16,13,7-0(58-38),0,1
5886,699,71,19,17,19,16,0,0,0,0,26,48,1,15,16,21,8,18,26,13,11,8,0,16,0,40,6,8,17,9-0(19-27),0,0
5886,693,90,27,21,24,18,0,0,0,0,30,51,7,18,9,14,14,32,46,22,15,4,6,23,20,52,8,15,14,10-0(36-56),0,0
5946,726,89,24,27,25,13,0,0,0,0,23,48,7,25,22,27,22,23,45,20,14,5,4,22,15,40,11,21,14,9-0(38-23),3,0
5946,693,86,19,22,28,17,0,0,0,0,26,49,5,25,19,25,21,22,43,28,10,7,5,23,6,42,13,17,8,6-0(0-6),3,0
6499,723,66,22,10,12,22,0,0,0,0,15,32,9,20,9,13,7,27,34,20,22,4,2,14,7,24,7,7,12,11-0(11-4),1,2
6499,713,84,18,22,30,14,0,0,0,0,31,54,5,20,7,10,13,23,36,22,7,15,1,16,27,58,23,14,30,10-0(32-48),1,2
6476,745,85,19,16,25,25,0,0,0,0,20,38,8,17,21,33,10,28,38,16,15,10,2,20,17,34,11,8,11,11-0(46-38),3,2
6476,713,70,22,16,14,18,0,0,0,0,20,38,5,22,15,20,9,18,27,19,12,8,2,24,7,26,4,8,15,7-0(11-14),3,2
6502,708,82,20,20,12,30,0,0,0,0,23,40,8,29,12,18,22,29,51,19,25,6,2,23,0,40,2,25,11,11-0(76-96),0,0
6502,713,99,30,25,25,19,0,0,0,0,25,48,12,25,13,19,8,18,26,35,9,17,2,23,33,46,20,10,34,11-0(47-71),0,0
6498,723,72,12,15,25,20,0,0,0,0,11,27,12,28,14,17,5,23,28,19,13,1,0,17,0,14,0,2,8,6-0(27-43),0,0
6498,713,99,23,23,30,23,0,0,0,0,30,48,10,25,9,14,11,28,39,29,7,9,4,20,31,50,12,6,20,8-0(21-43),0,0
6533,718,72,20,16,11,25,0,0,0,0,21,39,7,22,9,16,10,25,35,20,12,6,1,24,4,36,5,8,4,6-0(6-2),3,4
6533,713,83,20,17,26,20,0,0,0,0,24,41,7,19,14,23,9,27,36,22,9,7,0,21,18,40,15,10,15,10-0(42-52),3,4
6477,745,85,21,21,21,22,0,0,0,0,22,35,8,23,17,21,8,31,39,24,15,6,4,18,15,36,12,11,15,11-0(42-35),1,3
6477,713,70,21,14,23,12,0,0,0,0,24,48,5,25,7,11,14,22,36,20,9,5,2,23,4,36,6,10,8,8-0(15-19),1,3
6503,708,96,26,22,21,27,0,0,0,0,18,38,14,30,18,24,8,24,32,23,16,5,1,19,4,32,14,11,13,10-0(81-97),2,3
6503,713,111,31,29,33,18,0,0,0,0,34,53,10,29,13,20,17,29,46,32,10,9,1,20,26,56,25,23,27,10-0(26-38),2,3
6532,718,82,16,26,12,28,0,0,0,0,15,34,11,22,19,27,5,24,29,24,12,3,4,21,5,20,7,10,11,7-0(18-17),5,1
6532,713,90,17,20,32,21,0,0,0,0,32,58,3,17,17,22,19,28,47,23,9,6,0,22,15,56,16,18,10,13-0(42-50),5,1
6459,713,79,19,20,17,23,0,0,0,0,19,39,11,23,8,8,9,24,33,19,12,8,4,16,10,28,9,9,11,12-0(31-22),0,1
6459,712,72,22,10,19,21,0,0,0,0,18,40,10,25,6,8,12,22,34,22,13,4,3,12,5,32,5,10,11,7-0(43-44),0,1
6519,710,77,23,23,19,12,0,0,0,0,18,40,12,32,5,11,10,21,31,21,7,4,0,22,6,26,9,6,18,9-0(28-22),3,2
6519,712,93,22,29,26,16,0,0,0,0,22,40,8,18,25,28,7,35,42,26,10,3,6,17,18,40,4,8,9,12-0(65-83),3,2
6513,722,76,12,21,25,18,0,0,0,0,24,49,7,28,7,15,16,28,44,22,10,5,1,19,5,44,12,11,12,6-0(6-2),2,1
6513,712,85,15,21,18,31,0,0,0,0,25,44,4,17,23,27,6,35,41,18,10,6,5,14,11,46,10,6,8,9-0(74-85),2,1
6512,722,73,10,23,22,18,0,0,0,0,16,34,8,25,17,22,9,34,43,17,16,6,4,22,6,30,4,8,7,10-0(28-32),1,1
6512,712,78,22,15,22,19,0,0,0,0,25,55,4,18,16,24,15,27,42,15,7,10,1,16,16,44,11,12,18,9-0(6-9),1,1
6458,713,90,23,23,16,28,0,0,0,0,22,38,13,26,7,9,11,28,39,23,16,5,3,18,19,32,13,12,14,9-0(88-69),0,1
6458,712,71,15,24,9,23,0,0,0,0,17,37,8,28,13,16,12,18,30,16,11,11,1,15,0,32,21,9,12,6-0(77-65),0,1
6524,752,79,22,14,19,24,0,0,0,0,21,36,4,13,25,34,8,27,35,19,20,8,0,36,16,36,3,9,19,13-0(13-2),1,1
6524,718,68,8,23,17,20,0,0,0,0,19,37,3,19,21,35,14,21,35,15,20,7,4,31,2,36,12,12,21,10-0(27-23),1,1
6467,723,79,28,12,15,24,0,0,0,0,24,39,4,17,19,23,7,24,31,22,13,4,1,20,9,44,18,10,8,8-0(59-73),2,3
6467,718,98,22,36,15,25,0,0,0,0,32,46,6,27,16,19,13,22,35,30,5,4,3,22,24,48,10,12,23,12-0(28-31),2,3
6466,723,68,13,23,16,16,0,0,0,0,17,31,7,16,13,18,5,26,31,15,25,2,2,17,4,28,5,2,8,10-0(25-22),1,2
6466,718,86,17,17,30,22,0,0,0,0,29,53,7,17,7,12,10,23,33,23,10,13,5,18,19,42,14,10,30,9-0(41-47),1,2
6497,719,56,17,13,17,9,0,0,0,0,18,46,4,18,8,12,10,19,29,8,16,8,0,24,9,30,6,10,15,11-0(32-30),0,0
6497,718,80,13,17,27,23,0,0,0,0,26,42,3,12,19,21,6,31,37,19,16,8,4,17,24,46,18,6,20,17-0(47-63),0,0
6496,719,83,24,12,19,28,0,0,0,0,29,56,4,14,13,19,13,20,33,22,7,9,2,15,10,50,8,17,13,7-0(53-55),0,2
6496,718,80,17,26,16,21,0,0,0,0,25,36,6,22,12,12,5,27,32,24,14,4,2,18,9,26,5,6,9,12-0(26-31),0,2
6460,715,75,21,15,18,21,0,0,0,0,19,36,11,29,4,4,5,30,35,20,10,5,0,19,7,32,2,5,8,7-0(14-9),1,3
6460,745,74,17,21,14,22,0,0,0,0,24,50,5,23,11,18,15,29,44,21,7,8,3,13,4,42,12,19,11,5-0(30-33),1,3
6461,715,65,20,12,16,17,0,0,0,0,16,37,9,25,6,7,5,24,29,17,12,7,3,15,2,24,8,5,14,6-0(56-66),2,1
6461,745,73,19,19,22,13,0,0,0,0,19,37,8,27,11,18,13,31,44,22,12,7,4,15,16,34,17,7,14,7-0(37-47),2,1
6529,712,91,23,23,30,15,0,0,0,0,27,47,9,31,10,10,10,25,35,27,6,9,2,21,11,42,12,14,17,9-0(34-24),0,0
6529,745,92,21,16,29,26,0,0,0,0,24,36,11,30,11,20,9,31,40,26,15,4,4,17,3,44,13,11,12,10-0(76-76),0,0
6518,692,82,23,13,21,25,0,0,0,0,20,43,11,31,9,15,13,19,32,24,7,4,4,16,7,34,9,15,17,8-0(23-16),5,3
6518,745,91,18,24,22,27,0,0,0,0,24,40,10,22,13,14,7,32,39,23,15,2,5,18,14,28,6,6,12,10-0(70-84),5,3
6528,712,101,26,19,29,27,0,0,0,0,25,46,9,21,24,25,8,25,33,21,8,9,2,16,14,44,10,15,17,10-0(66-56),0,3
6528,745,91,24,20,19,28,0,0,0,0,29,48,9,29,6,8,14,26,40,19,12,5,3,25,2,46,13,16,12,7-0(83-77),0,3
6521,715,73,20,16,21,16,0,0,0,0,20,41,9,32,6,11,14,25,39,27,12,10,3,18,10,32,6,18,17,7-0(40-37),10,3
6521,708,71,19,18,18,16,0,0,0,0,18,36,9,20,8,12,5,33,38,21,20,6,4,14,5,32,8,3,13,5-0(8-10),10,3
6540,1638,96,21,27,29,19,0,0,0,0,17,32,19,35,5,8,14,23,37,28,15,5,2,22,23,26,10,13,10,10-0(52-45),5,3
6540,708,81,26,19,12,24,0,0,0,0,24,35,8,22,9,16,6,18,24,21,11,8,2,12,7,40,6,9,17,12-0(80-69),5,3
6457,711,77,11,18,21,27,0,0,0,0,18,43,10,42,11,12,16,20,36,19,5,11,3,25,0,32,11,11,25,10-0(39-45),0,0
6457,708,87,23,20,11,33,0,0,0,0,24,47,8,19,15,26,17,40,57,22,21,2,8,16,18,38,7,19,5,10-0(11-26),0,0
6541,1638,85,19,25,18,23,0,0,0,0,17,33,13,29,12,14,10,25,35,21,19,17,0,21,21,32,15,16,22,10-0(75-58),4,3
6541,708,66,17,12,20,17,0,0,0,0,17,23,5,24,17,23,2,23,25,17,23,5,0,16,1,26,3,4,11,11-0(62-56),4,3
6490,712,99,28,30,22,19,0,0,0,0,21,38,14,34,15,19,17,28,45,25,12,6,6,18,30,36,15,18,12,10-0(58-35),7,3
6490,708,76,23,12,18,23,0,0,0,0,19,37,9,27,11,14,9,21,30,23,12,9,3,19,1,26,6,8,15,6-0(90-68),7,3
6456,711,75,12,17,24,22,0,0,0,0,25,43,4,31,13,19,13,25,38,15,5,10,3,18,4,48,17,18,19,11-0(51-50),1,2
6456,708,71,20,10,25,16,0,0,0,0,19,41,10,26,3,8,15,33,48,25,18,3,0,20,10,34,6,13,7,8-0(36-43),1,2
6491,712,102,25,30,27,20,0,0,0,0,26,38,13,30,11,17,6,29,35,29,9,8,1,19,32,46,17,11,22,23-0(48-26),4,4
6491,708,70,24,11,21,14,0,0,0,0,16,32,7,26,17,22,8,27,35,17,19,3,1,18,3,28,12,7,8,7-0(17-20),4,4
6501,1638,91,29,15,26,21,0,0,0,0,24,43,12,25,7,13,14,38,52,33,12,8,2,24,44,46,16,18,17,18-0(38-14),0,0
6501,722,52,14,5,13,20,0,0,0,0,14,30,5,29,9,22,8,19,27,14,11,5,0,19,0,28,0,11,6,4-0(38-18),0,0
6500,1638,81,24,29,14,14,0,0,0,0,21,40,9,24,12,18,10,35,45,21,13,4,5,24,25,32,8,16,9,18-0(29-11),1,3
6500,722,64,11,19,17,17,0,0,0,0,14,36,6,35,18,30,20,25,45,9,10,5,2,20,2,28,8,21,7,7-0(67-54),1,3
6462,717,85,23,17,20,25,0,0,0,0,26,50,6,18,15,19,14,26,40,21,9,5,3,12,14,36,14,17,18,10-0(64-59),3,3
6462,722,73,22,18,19,14,0,0,0,0,18,38,10,25,7,11,11,24,35,17,14,4,3,24,7,32,10,7,17,7-0(18-18),3,3
6463,717,75,19,17,17,22,0,0,0,0,25,49,3,12,16,25,9,27,36,19,9,5,4,19,5,40,16,12,8,8-0(14-11),1,3
6463,722,77,18,16,21,22,0,0,0,0,30,44,3,24,8,13,9,27,36,21,9,2,3,24,5,52,4,8,9,5-0(19-22),1,3
6525,724,93,28,17,25,23,0,0,0,0,28,54,8,19,13,17,7,33,40,23,12,8,1,19,11,50,20,7,23,21-0(93-84),0,1
6525,722,84,19,26,32,7,0,0,0,0,24,48,9,32,9,14,15,31,46,25,14,5,0,19,12,42,11,13,14,13-0(38-45),0,1
